Letha,Baker,lethabaker@dognosis.com
Megan,Gonzales,megangonzales@andershun.com
Sawyer,Vincent,sawyervincent@brainquil.com
Shauna,Hanson,shaunahanson@exospace.com
Simpson,Carpenter,simpsoncarpenter@snips.com
Christian,Myers,christianmyers@combogen.com
Contreras,Randolph,contrerasrandolph@inrt.com
Earlene,Ellis,earleneellis@codact.com
Estella,Paul,estellapaul@zillatide.com
Owens,Bowers,owensbowers@nspire.com
Patel,Durham,pateldurham@icology.com
Rosemary,Salazar,rosemarysalazar@rockabye.com
Tabatha,Zimmerman,tabathazimmerman@pushcart.com
Adriana,Mcfadden,adrianamcfadden@telequiet.com
Chelsea,Gamble,chelseagamble@isosphere.com
Deidre,Thompson,deidrethompson@netplode.com
Kirsten,Fox,kirstenfox@codax.com
Mclean,Colon,mcleancolon@elentrix.com
Robin,Hays,robinhays@pasturia.com
York,Cummings,yorkcummings@insurity.com
Erma,Kane,ermakane@stockpost.com
Wilcox,Sellers,wilcoxsellers@confrenzy.com
Andrews,Herrera,andrewsherrera@klugger.com
Benjamin,Barrera,benjaminbarrera@zaphire.com
Cheri,Ford,cheriford@zorromop.com
Clare,Morrow,claremorrow@gaptec.com
Montgomery,Washington,montgomerywashington@kongle.com
Susana,Moody,susanamoody@bitrex.com
Caroline,Cox,carolinecox@opticon.com
Griffith,Calderon,griffithcalderon@quotezart.com
Kate,Estes,kateestes@rodeocean.com
Mccormick,Moon,mccormickmoon@norsup.com
Meagan,Buckner,meaganbuckner@biospan.com
Penny,Knowles,pennyknowles@ersum.com
Vivian,Wells,vivianwells@nutralab.com
Frost,Freeman,frostfreeman@beadzza.com
Gabrielle,Reilly,gabriellereilly@blanet.com
Paul,Mason,paulmason@slax.com
Cherry,Carey,cherrycarey@martgo.com
Curry,Vargas,curryvargas@pearlesex.com
Randolph,Banks,randolphbanks@caxt.com
Bass,Mcconnell,bassmcconnell@combot.com
Ines,Chaney,ineschaney@zidant.com
Irwin,Pugh,irwinpugh@idego.com
Leticia,Duran,leticiaduran@xleen.com
Romero,Lott,romerolott@plasto.com
Abigail,Nichols,abigailnichols@enquility.com
Simmons,Byers,simmonsbyers@qualitex.com
Young,Reeves,youngreeves@krog.com
Barrera,Terrell,barreraterrell@steelfab.com
Brock,Sandoval,brocksandoval@fiberox.com
Clark,Boyd,clarkboyd@deepends.com
Ellison,Kim,ellisonkim@signity.com
Tucker,Patrick,tuckerpatrick@valreda.com
Chris,Raymond,chrisraymond@cogentry.com
Karina,Russell,karinarussell@limozen.com
Natasha,Knapp,natashaknapp@exostream.com
Summer,Porter,summerporter@multiflex.com
Cobb,Humphrey,cobbhumphrey@apexia.com
Good,Campbell,goodcampbell@gracker.com
Lamb,Townsend,lambtownsend@geeknet.com
Margery,Monroe,margerymonroe@exerta.com
Myers,Noel,myersnoel@greeker.com
Myra,Guerra,myraguerra@digigene.com
Oneill,Carney,oneillcarney@bedder.com
Rosalinda,Valencia,rosalindavalencia@zoarere.com
Althea,Bell,altheabell@hyplex.com
Heidi,Acosta,heidiacosta@elpro.com
Jewel,Estrada,jewelestrada@zilla.com
Ronda,Perry,rondaperry@artiq.com
Becky,Jimenez,beckyjimenez@isologia.com
Elena,Waller,elenawaller@insurety.com
Garcia,Hess,garciahess@quiltigen.com
Hilda,Phillips,hildaphillips@comcur.com
Holmes,Mcknight,holmesmcknight@cubicide.com
Melendez,Fernandez,melendezfernandez@vixo.com
Peck,Downs,peckdowns@ramjob.com
Banks,Sawyer,bankssawyer@rooforia.com
Camille,Munoz,camillemunoz@vantage.com
Carr,Jensen,carrjensen@biohab.com
Esmeralda,James,esmeraldajames@terrasys.com
Hill,Hayes,hillhayes@fuelton.com
Kendra,Mcintosh,kendramcintosh@orboid.com
Marie,Whitehead,mariewhitehead@sultrax.com
Welch,Mcgowan,welchmcgowan@atomica.com
Angel,Mann,angelmann@amtas.com
Austin,Jefferson,austinjefferson@polarax.com
Blankenship,Ramirez,blankenshipramirez@bytrex.com
Gonzalez,Watson,gonzalezwatson@marvane.com
Rosalind,Hunter,rosalindhunter@zolarity.com
Aurelia,Harding,aureliaharding@orbalix.com
Crawford,Sears,crawfordsears@updat.com
Queen,Leach,queenleach@magneato.com
Rosetta,Turner,rosettaturner@spacewax.com
Strickland,Fuller,stricklandfuller@digique.com
Buckley,Peterson,buckleypeterson@earwax.com
Martinez,Benson,martinezbenson@enersol.com
Maude,Casey,maudecasey@quilch.com
Mcfadden,Guy,mcfaddenguy@kangle.com
Eaton,Rios,eatonrios@podunk.com
Mia,Stevens,miastevens@aeora.com
Eliza,Potter,elizapotter@playce.com
Klein,Kemp,kleinkemp@synkgen.com
Cunningham,Kerr,cunninghamkerr@polarium.com
Loraine,Willis,lorainewillis@gadtron.com
Palmer,Clark,palmerclark@maximind.com
Burns,Solis,burnssolis@rodemco.com
Gilliam,Horne,gilliamhorne@shepard.com
Jones,Vega,jonesvega@gluid.com
Lauri,Saunders,laurisaunders@securia.com
Marta,Larsen,martalarsen@manufact.com
Martina,Collins,martinacollins@geekwagon.com
Norman,Gilmore,normangilmore@comfirm.com
Ramsey,Carr,ramseycarr@strezzo.com
Rose,Combs,rosecombs@aquamate.com
Tracey,Ruiz,traceyruiz@waab.com
Yesenia,Rowland,yeseniarowland@coriander.com
Aida,Wolf,aidawolf@isis.com
Albert,Roberts,albertroberts@stralum.com
Barbara,Wade,barbarawade@roughies.com
Corrine,Barber,corrinebarber@quarmony.com
Horne,Valenzuela,hornevalenzuela@isoternia.com
Moore,Lee,moorelee@orbean.com
Lorraine,Mccullough,lorrainemccullough@zosis.com
Mendez,Mcneil,mendezmcneil@macronaut.com
Willie,Hickman,williehickman@apextri.com
Agnes,Hooper,agneshooper@digial.com
Castro,West,castrowest@cipromox.com
Gamble,Pierce,gamblepierce@matrixity.com
Mari,Landry,marilandry@kenegy.com
Morrow,Greene,morrowgreene@columella.com
Rios,Todd,riostodd@uberlux.com
Wilkins,Brady,wilkinsbrady@dogtown.com
Bessie,Orr,bessieorr@skyplex.com
Cotton,Christensen,cottonchristensen@prowaste.com
Kayla,Bradshaw,kaylabradshaw@magnemo.com
Pierce,Lawrence,piercelawrence@lunchpad.com
Aguirre,White,aguirrewhite@unq.com
Bauer,Summers,bauersummers@voratak.com
Kathleen,Wilder,kathleenwilder@solgan.com
Lee,Long,leelong@comverges.com
Sarah,Strong,sarahstrong@megall.com
Berta,Short,bertashort@ozean.com
Coleman,Berg,colemanberg@exoteric.com
Diaz,Austin,diazaustin@irack.com
Louella,Chan,louellachan@conferia.com
Thornton,Meyer,thorntonmeyer@peticular.com
Alyssa,Ortega,alyssaortega@eventage.com
Briggs,Lynn,briggslynn@quinex.com
Holt,Walter,holtwalter@grupoli.com
Jasmine,Howell,jasminehowell@ecratic.com
Phoebe,Patton,phoebepatton@xoggle.com
Underwood,Wheeler,underwoodwheeler@decratex.com
Desiree,Harrison,desireeharrison@barkarama.com
Lorene,Weiss,loreneweiss@comvoy.com
Wagner,Griffin,wagnergriffin@gazak.com
Blake,Davidson,blakedavidson@quantasis.com
Branch,Love,branchlove@frolix.com
Caitlin,Clements,caitlinclements@bunga.com
Dale,Adams,daleadams@boink.com
Eula,Taylor,eulataylor@miracula.com
Joanne,Spencer,joannespencer@visalia.com
Lara,Perkins,laraperkins@paprikut.com
Murphy,Chandler,murphychandler@zilch.com
Buckner,Chen,bucknerchen@jamnation.com
Margarita,Diaz,margaritadiaz@zilodyne.com
Phelps,Parrish,phelpsparrish@pearlessa.com
Socorro,Murray,socorromurray@isoswitch.com
William,Kelly,williamkelly@techtrix.com
Guzman,Whitfield,guzmanwhitfield@springbee.com
Henrietta,Bonner,henriettabonner@geekol.com
Janie,Bass,janiebass@manglo.com
Karen,Trujillo,karentrujillo@tsunamia.com
Moon,Wood,moonwood@olucore.com
Opal,Meadows,opalmeadows@cedward.com
Ryan,Howe,ryanhowe@microluxe.com
Tabitha,Cole,tabithacole@eclipto.com
Whitley,Blevins,whitleyblevins@pawnagra.com
Yang,Dodson,yangdodson@mondicil.com
Alisha,Morales,alishamorales@terragen.com
Alissa,Knox,alissaknox@geologix.com
Buck,Robinson,buckrobinson@calcu.com
Helena,Robertson,helenarobertson@vicon.com
Sasha,Baxter,sashabaxter@callflex.com
Schneider,Hull,schneiderhull@exospeed.com
Adele,Carroll,adelecarroll@aquafire.com
Catherine,Ward,catherineward@dreamia.com
Elba,Grant,elbagrant@dognost.com
Isabella,Hewitt,isabellahewitt@cincyr.com
Price,Haley,pricehaley@zeam.com
Roberts,Beasley,robertsbeasley@quintity.com
Vickie,Valentine,vickievalentine@comvene.com
Erickson,Mcdonald,ericksonmcdonald@exotechno.com
Gladys,Erickson,gladyserickson@eternis.com
Kemp,Walters,kempwalters@eyewax.com
Keri,Kinney,kerikinney@retrotex.com
Patty,Petty,pattypetty@kinetica.com
Angelica,May,angelicamay@keeg.com
Brittany,Cabrera,brittanycabrera@mixers.com
Church,Mercado,churchmercado@xymonk.com
Gay,Schultz,gayschultz@handshake.com
Glass,Schroeder,glassschroeder@realmo.com
Cecelia,Grimes,ceceliagrimes@ecosys.com
Eloise,Sparks,eloisesparks@satiance.com
Ericka,Cote,erickacote@venoflex.com
Walls,Rogers,wallsrogers@geekmosis.com
Allyson,Walls,allysonwalls@gorganic.com
Delia,Cruz,deliacruz@multron.com
Dolly,Finch,dollyfinch@zytrac.com
Holcomb,Cobb,holcombcobb@steeltab.com
Padilla,Bauer,padillabauer@exoblue.com
Vinson,Ballard,vinsonballard@gynk.com
Booker,Lowery,bookerlowery@sensate.com
Coleen,Bartlett,coleenbartlett@idealis.com
Fernandez,Reid,fernandezreid@cosmosis.com
Howe,Nash,howenash@aquacine.com
Karla,Bowman,karlabowman@undertap.com
Leonor,Pruitt,leonorpruitt@velos.com
Abbott,Odom,abbottodom@jimbies.com
Amanda,Head,amandahead@zentury.com
Angela,Talley,angelatalley@remold.com
Baxter,Black,baxterblack@uplinx.com
Nell,Contreras,nellcontreras@momentia.com
Sally,Mccoy,sallymccoy@omnigog.com
Bush,Gordon,bushgordon@softmicro.com
Campbell,Best,campbellbest@fanfare.com
Forbes,Wallace,forbeswallace@pheast.com
Alejandra,Chavez,alejandrachavez@gology.com
Blackwell,Delaney,blackwelldelaney@imkan.com
Mabel,Thornton,mabelthornton@zolavo.com
Minerva,Graham,minervagraham@sureplex.com
Silva,Marks,silvamarks@medifax.com
Olive,Oneil,oliveoneil@helixo.com
Bradford,Nielsen,bradfordnielsen@exovent.com
Lawrence,Mathews,lawrencemathews@deviltoe.com
Madden,Woods,maddenwoods@slumberia.com
Nieves,Nolan,nievesnolan@jumpstack.com
Rutledge,Rivas,rutledgerivas@virxo.com
Chapman,Hart,chapmanhart@kongene.com
Conway,Daugherty,conwaydaugherty@lyria.com
Dana,Decker,danadecker@acrodance.com
Donaldson,Woodard,donaldsonwoodard@zogak.com
Hollie,Osborn,hollieosborn@musaphics.com
Hughes,Owens,hughesowens@valpreal.com
Jerry,Rush,jerryrush@ebidco.com
Watson,Simpson,watsonsimpson@wrapture.com
Evelyn,Lara,evelynlara@ultrasure.com
Maryellen,Rose,maryellenrose@waterbaby.com
Massey,Becker,masseybecker@genekom.com
Mcdowell,Bradley,mcdowellbradley@grok.com
Monroe,Stafford,monroestafford@centuria.com
Ramona,Roy,ramonaroy@deminimum.com
Roxanne,Franklin,roxannefranklin@silodyne.com
Shelton,Stark,sheltonstark@kraggle.com
Allison,Fitzpatrick,allisonfitzpatrick@veraq.com
Crosby,Figueroa,crosbyfigueroa@pyramia.com
Evangelina,Perez,evangelinaperez@keengen.com
Savannah,Kirby,savannahkirby@musanpoly.com
Hewitt,Kidd,hewittkidd@isologics.com
Lane,Tate,lanetate@genesynk.com
Latasha,Mullins,latashamullins@zenolux.com
Muriel,Vazquez,murielvazquez@sustenza.com
Nixon,Moran,nixonmoran@cuizine.com
Rollins,Richards,rollinsrichards@geostele.com
Wilda,Norman,wildanorman@kog.com
Campos,Olsen,camposolsen@isbol.com
Irma,Dotson,irmadotson@bleeko.com
Kitty,Cooley,kittycooley@ultrimax.com
Martin,Gardner,martingardner@golistic.com
Polly,Barron,pollybarron@geofarm.com
Schultz,Moreno,schultzmoreno@paragonia.com
Annmarie,Snider,annmariesnider@edecine.com
Cook,Kelley,cookkelley@quizmo.com
Ferrell,Mckinney,ferrellmckinney@portaline.com
Mosley,Holloway,mosleyholloway@anivet.com
Ray,Wiley,raywiley@polaria.com
Hines,Underwood,hinesunderwood@namegen.com
Jeanine,Malone,jeaninemalone@nixelt.com
Lara,Mcdaniel,laramcdaniel@acusage.com
Lloyd,Lindsay,lloydlindsay@suretech.com
Strong,Hendrix,stronghendrix@duoflex.com
Burton,Meyers,burtonmeyers@bezal.com
Cynthia,Johnston,cynthiajohnston@zentry.com
Fisher,Shepard,fishershepard@qot.com
Josefina,Wagner,josefinawagner@kyaguru.com
Marissa,Spears,marissaspears@centregy.com
Pitts,Haynes,pittshaynes@aquazure.com
Blanchard,Stein,blanchardstein@cujo.com
Conley,Preston,conleypreston@obones.com
Eunice,Watts,eunicewatts@memora.com
Hickman,Dillard,hickmandillard@genmy.com
Juliet,Whitaker,julietwhitaker@toyletry.com
Lorna,Franco,lornafranco@zentia.com
Marina,Rasmussen,marinarasmussen@crustatia.com
Maura,Glenn,mauraglenn@viagreat.com
Beth,Frye,bethfrye@puria.com
Naomi,Ball,naomiball@isotronic.com
Ollie,Riley,ollieriley@adornica.com
Schwartz,Buchanan,schwartzbuchanan@sybixtex.com
Winnie,Holland,winnieholland@neteria.com
Cox,Roman,coxroman@medcom.com
Lindsey,Hawkins,lindseyhawkins@enormo.com
Michael,Bray,michaelbray@telepark.com
Petty,Sykes,pettysykes@nebulean.com
Tania,Middleton,taniamiddleton@zerology.com
Walker,Charles,walkercharles@orbin.com
Georgia,Wilkerson,georgiawilkerson@endipin.com
Iris,Mcguire,irismcguire@duflex.com
Margo,Gay,margogay@rotodyne.com
Frederick,Case,frederickcase@talkalot.com
Nielsen,Good,nielsengood@kiggle.com
Vilma,Shields,vilmashields@applidec.com
Garrison,Bryan,garrisonbryan@uniworld.com
Katherine,Prince,katherineprince@zillacon.com
Rhea,Blair,rheablair@bicol.com
Shepard,Ramsey,shepardramsey@mantro.com
Suzanne,Bird,suzannebird@imant.com
Wendy,Savage,wendysavage@neurocell.com
Dena,Olson,denaolson@hinway.com
Finch,Curtis,finchcurtis@viagrand.com
Julianne,Nicholson,juliannenicholson@viasia.com
Kline,Joyce,klinejoyce@tetratrex.com
Matilda,Berger,matildaberger@fibrodyne.com
Pace,Molina,pacemolina@cytrak.com
Doyle,Jenkins,doylejenkins@unia.com
Hester,Copeland,hestercopeland@dymi.com
Holden,Bowen,holdenbowen@endipine.com
Sharpe,Hoffman,sharpehoffman@centree.com
Byrd,Conley,byrdconley@zidox.com
Carney,Callahan,carneycallahan@mangelica.com
Duke,Atkinson,dukeatkinson@tripsch.com
Frieda,House,friedahouse@quonk.com
Maureen,Glass,maureenglass@stelaecor.com
Ratliff,Heath,ratliffheath@zappix.com
Washington,Walsh,washingtonwalsh@candecor.com
Fields,Lester,fieldslester@visualix.com
Flowers,Robles,flowersrobles@xelegyl.com
Marisol,Fischer,marisolfischer@autograte.com
Mcgowan,Mcclain,mcgowanmcclain@oatfarm.com
Delores,Booker,deloresbooker@centice.com
Ruthie,Lamb,ruthielamb@incubus.com
Walton,Butler,waltonbutler@unisure.com
Logan,Burke,loganburke@overplex.com
Faulkner,Garrett,faulknergarrett@pigzart.com
Reeves,Tillman,reevestillman@cemention.com
Sampson,Yates,sampsonyates@signidyne.com
Cross,Floyd,crossfloyd@maroptic.com
Francis,Beck,francisbeck@furnafix.com
Gonzales,Mcfarland,gonzalesmcfarland@songbird.com
Leah,Santiago,leahsantiago@isologix.com
Michelle,Mayo,michellemayo@biflex.com
Tanisha,Dixon,tanishadixon@junipoor.com
Adkins,Mejia,adkinsmejia@datagen.com
Browning,Rodriquez,browningrodriquez@opportech.com
Candace,Hancock,candacehancock@animalia.com
Carey,Whitley,careywhitley@poshome.com
Helen,Montoya,helenmontoya@hairport.com
Ina,Obrien,inaobrien@eclipsent.com
Lavonne,Reyes,lavonnereyes@parcoe.com
Potter,Michael,pottermichael@ontality.com
Preston,Ferguson,prestonferguson@bitendrex.com
Rose,Carlson,rosecarlson@aquasure.com
Sweeney,Fulton,sweeneyfulton@cormoran.com
Vonda,Galloway,vondagalloway@illumity.com
Walsh,Goodwin,walshgoodwin@proflex.com
Brigitte,Scott,brigittescott@waretel.com
Erna,Fields,ernafields@eweville.com
Hendrix,Stephens,hendrixstephens@recrisys.com
Holly,Miles,hollymiles@xurban.com
Monique,Conner,moniqueconner@flotonic.com
Norris,Hubbard,norrishubbard@printspan.com
Rogers,Mcmahon,rogersmcmahon@brainclip.com
Rosario,Jackson,rosariojackson@progenex.com
Sims,Mckay,simsmckay@comtour.com
Thomas,Gillespie,thomasgillespie@octocore.com
Durham,Pacheco,durhampacheco@datacator.com
Enid,Ashley,enidashley@avenetro.com
Eve,Wyatt,evewyatt@assitia.com
Lynn,Pollard,lynnpollard@slambda.com
Barnes,Ware,barnesware@norali.com
Calhoun,Bruce,calhounbruce@automon.com
Hall,Key,hallkey@eventex.com
Kelly,Steele,kellysteele@eschoir.com
Laurel,Cline,laurelcline@prismatic.com
Mcguire,Lloyd,mcguirelloyd@centrexin.com
April,Hill,aprilhill@kengen.com
Brandy,Calhoun,brandycalhoun@maxemia.com
Jacobs,Sweeney,jacobssweeney@comtent.com
Lidia,Guerrero,lidiaguerrero@snowpoke.com
Nellie,Mercer,nelliemercer@scenty.com
Augusta,Winters,augustawinters@vendblend.com
Davidson,Salas,davidsonsalas@sequitur.com
Jana,Hensley,janahensley@isotrack.com
Lori,Stevenson,loristevenson@honotron.com
Rodriguez,Macias,rodriguezmacias@xylar.com
Anita,Ewing,anitaewing@panzent.com
Julie,Parsons,julieparsons@goko.com
Kathryn,Payne,kathrynpayne@katakana.com
Mcpherson,Mueller,mcphersonmueller@tingles.com
Vang,Hughes,vanghughes@bolax.com
Barlow,Rhodes,barlowrhodes@zialactic.com
Gardner,Griffith,gardnergriffith@vertide.com
Goff,Phelps,goffphelps@digigen.com
Letitia,Walker,letitiawalker@zizzle.com
Madge,Holcomb,madgeholcomb@escenta.com
Randall,Lynch,randalllynch@cosmetex.com
Virginia,Ayala,virginiaayala@filodyne.com
Baker,Armstrong,bakerarmstrong@nurplex.com
Butler,Alston,butleralston@quordate.com
Darla,Bridges,darlabridges@xeronk.com
Laverne,Johnson,lavernejohnson@senmei.com
Marci,Shepherd,marcishepherd@shadease.com
Peters,Kent,peterskent@extragen.com
Sandra,Andrews,sandraandrews@datagene.com
Wilma,Hopkins,wilmahopkins@entality.com
Katy,Rivera,katyrivera@blurrybus.com
Norton,Norton,nortonnorton@talkola.com
Simon,Hogan,simonhogan@dancerity.com
Tyler,Fitzgerald,tylerfitzgerald@jetsilk.com
Bennett,Hampton,bennetthampton@voipa.com
Collier,Odonnell,collierodonnell@sultraxin.com
Hart,Mccormick,hartmccormick@dyno.com
Fern,Lambert,fernlambert@furnitech.com
Moses,Campos,mosescampos@trollery.com
Kim,Moss,kimmoss@digirang.com
Lakeisha,Mccarthy,lakeishamccarthy@exosis.com
Sloan,Pennington,sloanpennington@hopeli.com
Susan,Luna,susanluna@zaya.com
Villarreal,Horton,villarrealhorton@lexicondo.com
Ward,Hicks,wardhicks@biotica.com
Christensen,Weaver,christensenweaver@quilk.com
Harding,Hobbs,hardinghobbs@xth.com
Fran,Bolton,franbolton@solaren.com
Mason,Mcleod,masonmcleod@omatom.com
Mccarthy,Dunlap,mccarthydunlap@canopoly.com
Schroeder,Harrington,schroederharrington@otherway.com
Hardin,Kirk,hardinkirk@exposa.com
Rice,Farmer,ricefarmer@photobin.com
Roy,Smith,roysmith@parleynet.com
Jimmie,Dejesus,jimmiedejesus@ecolight.com
Laurie,Shaw,laurieshaw@zillanet.com
Melton,Camacho,meltoncamacho@insuresys.com
Rebekah,Garrison,rebekahgarrison@niquent.com
Evans,Dyer,evansdyer@magmina.com
Morse,Mcbride,morsemcbride@inear.com
Sherri,Rowe,sherrirowe@netility.com
Tracie,Gregory,traciegregory@comstruct.com
Deann,Fisher,deannfisher@twiist.com
Hensley,Hardin,hensleyhardin@neocent.com
Irene,Stephenson,irenestephenson@hawkster.com
Barnett,Cantrell,barnettcantrell@zentility.com
Krystal,Cross,krystalcross@tubesys.com
Willa,Leblanc,willaleblanc@nurali.com
Ayers,Duffy,ayersduffy@aquasseur.com
Concetta,Barnes,concettabarnes@fitcore.com
Effie,Gates,effiegates@digitalus.com
Janette,Guzman,janetteguzman@splinx.com
Leola,Stewart,leolastewart@diginetic.com
Marcie,Mcmillan,marciemcmillan@entroflex.com
Norma,Burt,normaburt@magnafone.com
Travis,Parks,travisparks@pyramax.com
Watts,Shannon,wattsshannon@joviold.com
Deena,Richmond,deenarichmond@sunclipse.com
Faith,Cooper,faithcooper@insuron.com
Jan,Burns,janburns@glasstep.com
Marguerite,Wall,margueritewall@aquoavo.com
Mcmahon,York,mcmahonyork@zillar.com
Reed,Goff,reedgoff@zillan.com
Tisha,Cotton,tishacotton@buzzmaker.com
Walter,Velez,waltervelez@virva.com
Clayton,Golden,claytongolden@accusage.com
Eddie,Mccarty,eddiemccarty@bisba.com
Morgan,Torres,morgantorres@quonata.com
Shelley,Webb,shelleywebb@quadeebo.com
Teri,Hester,terihester@electonic.com
Corinne,Robbins,corinnerobbins@orbaxter.com
Hicks,Farrell,hicksfarrell@zolarex.com
Josie,Nelson,josienelson@emtrac.com
Levy,Richard,levyrichard@teraprene.com
Nichole,Pearson,nicholepearson@yurture.com
Pugh,Hamilton,pughhamilton@techade.com
Shirley,Edwards,shirleyedwards@equitox.com
Anne,Hale,annehale@cytrek.com
Hull,Cherry,hullcherry@noralex.com
Isabelle,Spence,isabellespence@geeketron.com
Molly,Maldonado,mollymaldonado@straloy.com
Sonya,Trevino,sonyatrevino@atgen.com
Terra,Witt,terrawitt@insectus.com
Anastasia,Parker,anastasiaparker@zilladyne.com
Carson,Riddle,carsonriddle@terrago.com
Cummings,Little,cummingslittle@comtrak.com
Kay,Warren,kaywarren@realysis.com
Latonya,Blake,latonyablake@rugstars.com
Nelda,Hopper,neldahopper@equicom.com
Robbie,Logan,robbielogan@hydrocom.com
Lynette,Higgins,lynettehiggins@menbrain.com
Mccall,Britt,mccallbritt@cablam.com
Nolan,Warner,nolanwarner@interodeo.com
Pacheco,Rosales,pachecorosales@circum.com
Patrica,Melton,patricamelton@flexigen.com
Randi,Rich,randirich@netplax.com
Lorrie,Nunez,lorrienunez@bullzone.com
Lourdes,Valdez,lourdesvaldez@interloo.com
Lynn,Tran,lynntran@optyk.com
Maldonado,Craig,maldonadocraig@zilencio.com
Morales,Jacobs,moralesjacobs@oronoko.com
Bradshaw,Mckenzie,bradshawmckenzie@euron.com
Ingram,William,ingramwilliam@genmex.com
Mcbride,Padilla,mcbridepadilla@zepitope.com
Merle,Wooten,merlewooten@tropolis.com
Tran,Burris,tranburris@geoform.com
Annie,Lyons,annielyons@enerforce.com
Golden,Donovan,goldendonovan@organica.com
Leta,Stout,letastout@pivitol.com
Tamika,Mccall,tamikamccall@eventix.com
Townsend,Atkins,townsendatkins@acruex.com
Carmella,Cash,carmellacash@bristo.com
Melinda,Mendoza,melindamendoza@kneedles.com
Selma,Anderson,selmaanderson@dadabase.com
Jacobson,Clemons,jacobsonclemons@quilm.com
Janet,Pena,janetpena@corecom.com
Leona,Christian,leonachristian@extrawear.com
Lisa,Dudley,lisadudley@tropoli.com
Tammy,Wiggins,tammywiggins@speedbolt.com
Wolfe,Rocha,wolferocha@hivedom.com
Barker,Allen,barkerallen@nexgene.com
Blanche,Holmes,blancheholmes@motovate.com
Ellis,Sullivan,ellissullivan@enersave.com
Kinney,Lawson,kinneylawson@neptide.com
Liza,Coffey,lizacoffey@assurity.com
Olson,Hunt,olsonhunt@volax.com
Delgado,Curry,delgadocurry@zoxy.com
Trudy,Sweet,trudysweet@acumentor.com
Weeks,Castillo,weekscastillo@talendula.com
Antonia,Duncan,antoniaduncan@talae.com
Ballard,Vasquez,ballardvasquez@intergeek.com
Lindsay,Mills,lindsaymills@zoinage.com
Nikki,Doyle,nikkidoyle@fossiel.com
Avis,Blackwell,avisblackwell@magnina.com
Cornelia,Lane,cornelialane@sulfax.com
Ford,Branch,fordbranch@buzzness.com
Fuller,Mcintyre,fullermcintyre@applideck.com
Juana,Silva,juanasilva@artworlds.com
Karyn,Medina,karynmedina@qnekt.com
Shaffer,Cervantes,shaffercervantes@oceanica.com
Ada,Cortez,adacortez@micronaut.com
Dona,Burton,donaburton@cytrex.com
Nola,Quinn,nolaquinn@iplax.com
Pearlie,Holman,pearlieholman@hometown.com
Shawn,Baird,shawnbaird@moltonic.com
Betsy,Hyde,betsyhyde@tubalum.com
Dorsey,Sosa,dorseysosa@daycore.com
Mcclain,Manning,mcclainmanning@qiao.com
Castillo,Dickerson,castillodickerson@tellifly.com
Espinoza,Petersen,espinozapetersen@futurity.com
Hale,Baldwin,halebaldwin@kidgrease.com
Langley,Neal,langleyneal@liquidoc.com
Marva,Cannon,marvacannon@comcubine.com
Sabrina,Lancaster,sabrinalancaster@webiotic.com
Alyson,Irwin,alysonirwin@quizka.com
Chang,Boyer,changboyer@qaboos.com
Clements,Finley,clementsfinley@imaginart.com
Jill,David,jilldavid@zytrax.com
Moody,Harmon,moodyharmon@otherside.com
Tameka,Levine,tamekalevine@acium.com
Buchanan,Pope,buchananpope@stucco.com
Casey,Roth,caseyroth@hotcakes.com
Snider,Benton,sniderbenton@medicroix.com
Carrie,Huffman,carriehuffman@injoy.com
Gracie,Foreman,gracieforeman@supportal.com
Hatfield,Lowe,hatfieldlowe@lovepad.com
Marks,Graves,marksgraves@dentrex.com
Russo,Swanson,russoswanson@zaj.com
Araceli,Woodward,araceliwoodward@olympix.com
Callie,Castaneda,calliecastaneda@earthwax.com
Graves,Newman,gravesnewman@ecrater.com
Lawanda,Leon,lawandaleon@xixan.com
Mara,Dickson,maradickson@comtours.com
Maryanne,Hendricks,maryannehendricks@sarasonic.com
Dickson,Mcgee,dicksonmcgee@gogol.com
Hattie,Bond,hattiebond@netagy.com
Joann,Crane,joanncrane@lingoage.com
Kane,King,kaneking@tri@tribalog.com
Lang,Kaufman,langkaufman@rodeomad.com
Battle,Blackburn,battleblackburn@zilphur.com
Deloris,Levy,delorislevy@homelux.com
Foreman,Fowler,foremanfowler@zillactic.com
Rae,Juarez,raejuarez@entropix.com
Sharron,Santos,sharronsantos@zenco.com
Garrett,Langley,garrettlangley@zillidium.com
Gay,Brewer,gaybrewer@savvy.com
Sellers,Davis,sellersdavis@isodrive.com
Terry,Montgomery,terrymontgomery@enervate.com
Vega,Flynn,vegaflynn@accupharm.com
Carly,Johns,carlyjohns@gallaxia.com
Cash,Collier,cashcollier@ceprene.com
Ladonna,Tucker,ladonnatucker@infotrips.com
Malone,Justice,malonejustice@emoltra.com
Rivera,Sherman,riverasherman@bovis.com
Trujillo,Wilcox,trujillowilcox@extragene.com
Wilson,Merritt,wilsonmerritt@geeky.com
Cathy,Morrison,cathymorrison@zytrek.com
Constance,Wong,constancewong@grainspot.com
Dominique,Park,dominiquepark@conjurica.com
Pamela,Henry,pamelahenry@imageflow.com
Wilkinson,Flowers,wilkinsonflowers@xsports.com
Bullock,Marsh,bullockmarsh@renovize.com
Cruz,Carver,cruzcarver@vitricomp.com
Geneva,Morin,genevamorin@ezent.com
Lina,Stanley,linastanley@strozen.com
Millicent,Pickett,millicentpickett@gushkool.com
Fischer,Klein,fischerklein@comtext.com
Carver,Peters,carverpeters@housedown.com
Gretchen,Dawson,gretchendawson@tetak.com
Kari,Skinner,kariskinner@singavera.com
Myrna,Herman,myrnaherman@enthaze.com
Wong,Stone,wongstone@zentix.com
Elaine,Workman,elaineworkman@colaire.com
Hansen,Hebert,hansenhebert@capscreen.com
Lula,Williams,lulawilliams@vinch.com
Morgan,Coleman,morgancoleman@aclima.com
Amy,Villarreal,amyvillarreal@fleetmix.com
Bird,Cochran,birdcochran@supremia.com
Chambers,Hahn,chambershahn@medalert.com
Flora,Alvarado,floraalvarado@boilicon.com
Sallie,Houston,salliehouston@squish.com
Shannon,Morton,shannonmorton@ovation.com
Williamson,Horn,williamsonhorn@nimon.com
Atkinson,Hudson,atkinsonhudson@qualitern.com
Deborah,Yang,deborahyang@entogrok.com
Finley,Singleton,finleysingleton@quarex.com
Katheryn,Foster,katherynfoster@quantalia.com
Melissa,Gould,melissagould@buzzopia.com
Christa,Huff,christahuff@earthpure.com
Diana,Dominguez,dianadominguez@ohmnet.com
Dunn,Cameron,dunncameron@isonus.com
Jackson,Sampson,jacksonsampson@daido.com
Shelia,Puckett,sheliapuckett@izzby.com
Summers,Vinson,summersvinson@globoil.com
Vaughn,Pittman,vaughnpittman@phormula.com
Vera,Hansen,verahansen@zanilla.com
Wallace,Barr,wallacebarr@concility.com
Knowles,Cunningham,knowlescunningham@thredz.com
Marion,Schneider,marionschneider@evidends.com
Rachelle,Rice,rachellerice@enaut.com
Antoinette,Cook,antoinettecook@harmoney.com
Conner,Ramos,connerramos@insource.com
Rosella,Albert,rosellaalbert@isoplex.com
Bowers,Mendez,bowersmendez@farmage.com
Bridget,Gallegos,bridgetgallegos@songlines.com
Edwina,Hutchinson,edwinahutchinson@essensia.com
Ingrid,Garcia,ingridgarcia@balooba.com
Vicki,Suarez,vickisuarez@utara.com
Alyce,Douglas,alycedouglas@earbang.com
Bobbie,Sexton,bobbiesexton@zytrex.com
Eleanor,Gonzalez,eleanorgonzalez@futuris.com
Elise,Drake,elisedrake@turnling.com
Ruby,Shaffer,rubyshaffer@comtrail.com
Hopper,Peck,hopperpeck@uxmox.com
Landry,Buck,landrybuck@protodyne.com
Sanders,Holder,sandersholder@geekola.com
Traci,Allison,traciallison@enjola.com
Tracy,Vaughn,tracyvaughn@andryx.com
Angelique,Weeks,angeliqueweeks@exodoc.com
Felicia,Merrill,feliciamerrill@prosely.com
Glover,Rutledge,gloverrutledge@ginkogene.com
Hamilton,Clayton,hamiltonclayton@architax.com
Levine,Burks,levineburks@amtap.com
Sanford,Mullen,sanfordmullen@zanity.com
Sargent,Powers,sargentpowers@accuprint.com
Tami,Maddox,tamimaddox@accidency.com
Carlene,Gaines,carlenegaines@naxdis.com
Lott,Keller,lottkeller@translink.com
Wood,Dale,wooddale@besto.com
Cleo,Beach,cleobeach@proxsoft.com
Cohen,Noble,cohennoble@buzzworks.com
Lydia,Cooke,lydiacooke@comstar.com
Susanne,Rodriguez,susannerodriguez@comtrek.com
Bernice,Sims,bernicesims@verbus.com
Emma,Adkins,emmaadkins@ontagene.com
Crane,Matthews,cranematthews@intradisk.com
Adela,Tyler,adelatyler@surelogic.com
Dalton,Waters,daltonwaters@malathion.com
Hooper,Tyson,hoopertyson@zaggle.com
Miles,Battle,milesbattle@koffee.com
Newton,Fletcher,newtonfletcher@assistia.com
Craig,Palmer,craigpalmer@comvey.com
Ebony,Bishop,ebonybishop@optique.com
Marcia,Bennett,marciabennett@opticall.com
Maryann,Murphy,maryannmurphy@cinesanct.com
Woodard,Bailey,woodardbailey@imperium.com
Cora,Barrett,corabarrett@kiosk.com
Freida,Daniels,freidadaniels@vurbo.com
Jimenez,Barry,jimenezbarry@verton.com
Meyers,Williamson,meyerswilliamson@plexia.com
Barry,Chapman,barrychapman@darwinium.com
Jeri,Booth,jeribooth@geekology.com
Koch,Barker,kochbarker@xplor.com
Christie,Strickland,christiestrickland@anarco.com
Hallie,Jarvis,halliejarvis@anixang.com
Iva,Rivers,ivarivers@mantrix.com
Manuela,Dillon,manueladillon@moreganic.com
Guthrie,Morse,guthriemorse@gronk.com
Jessie,Mayer,jessiemayer@emtrak.com
Rojas,Oneal,rojasoneal@glukgluk.com
Shepherd,Davenport,shepherddavenport@ecraze.com
Sybil,Carrillo,sybilcarrillo@phuel.com
Adrian,Pitts,adrianpitts@combogene.com
Charmaine,Whitney,charmainewhitney@comveyer.com
Felecia,Oneill,feleciaoneill@mediot.com
Rodgers,Mccray,rodgersmccray@papricut.com
Sheena,Kirkland,sheenakirkland@zerbina.com
Blair,Church,blairchurch@cubix.com
Boone,Gomez,boonegomez@geekular.com
Gilbert,Serrano,gilbertserrano@senmao.com
Laura,Gibbs,lauragibbs@corepan.com
Lena,Lucas,lenalucas@kindaloo.com
Warren,Snow,warrensnow@bizmatic.com
Dixie,Fuentes,dixiefuentes@portico.com
Joanna,Jennings,joannajennings@extremo.com
Judith,Riggs,judithriggs@arctiq.com
Lester,Stanton,lesterstanton@geekko.com
Lucia,Livingston,lucialivingston@soprano.com
Meadows,Delgado,meadowsdelgado@daisu.com
Hudson,English,hudsonenglish@xinware.com
Jarvis,Alexander,jarvisalexander@equitax.com
Lilly,Morgan,lillymorgan@biolive.com
Essie,Clarke,essieclarke@pharmacon.com
Mattie,Eaton,mattieeaton@trasola.com
Yvette,Browning,yvettebrowning@marketoid.com
Josephine,Joseph,josephinejoseph@turnabout.com
Nanette,Bates,nanettebates@quility.com
Pearson,Bryant,pearsonbryant@anacho.com
Gregory,Delacruz,gregorydelacruz@oulu.com
Alford,Compton,alfordcompton@zyple.com
Autumn,Hodges,autumnhodges@ezentia.com
Cantu,Lindsey,cantulindsey@inquala.com
Fulton,Holt,fultonholt@anocha.com
Reynolds,Barnett,reynoldsbarnett@austex.com
Small,Hatfield,smallhatfield@letpro.com
Alston,Henderson,alstonhenderson@prosure.com
Kathrine,Evans,kathrineevans@spherix.com
Lesa,Maynard,lesamaynard@coash.com
Rosemarie,Nieves,rosemarienieves@zounds.com
Gallagher,Marshall,gallaghermarshall@exiand.com
Hancock,Holden,hancockholden@poochies.com
Morin,Frost,morinfrost@primordia.com
Burgess,Gentry,burgessgentry@orbixtar.com
Elvia,Poole,elviapoole@velity.com
Gilda,Jacobson,gildajacobson@comveyor.com
Mcmillan,Dunn,mcmillandunn@eargo.com
Roxie,Cantu,roxiecantu@skybold.com
Acevedo,Dorsey,acevedodorsey@netropic.com
Cherie,Brooks,cheriebrooks@kaggle.com
Gould,Carson,gouldcarson@mobildata.com
Jenkins,Haney,jenkinshaney@qimonk.com
Jocelyn,Boone,jocelynboone@collaire.com
Liliana,Caldwell,lilianacaldwell@rubadub.com
Michael,Giles,michaelgiles@yogasm.com
Reva,Rosa,revarosa@urbanshee.com
Alicia,Rollins,aliciarollins@boilcat.com
Noreen,Shelton,noreenshelton@medmex.com
Valerie,Lang,valerielang@quarx.com
Virgie,Garza,virgiegarza@plasmox.com
White,Small,whitesmall@immunics.com
Beulah,Stuart,beulahstuart@hatology.com
Bonner,Garner,bonnergarner@utarian.com
Fry,George,frygeorge@ewaves.com
Grimes,Reynolds,grimesreynolds@frenex.com
Pearl,Reese,pearlreese@accruex.com
Staci,Melendez,stacimelendez@namebox.com
Bartlett,Conway,bartlettconway@konnect.com
Burnett,Briggs,burnettbriggs@pharmex.com
Jeanette,Acevedo,jeanetteacevedo@halap.com
Leonard,Gray,leonardgray@recritube.com
Tia,Miranda,tiamiranda@jasper.com
West,England,westengland@obliq.com
Woodward,Hood,woodwardhood@zedalis.com
Alison,Conrad,alisonconrad@perkle.com
Huff,Thomas,huffthomas@accufarm.com
Isabel,Gilliam,isabelgilliam@zenthall.com
Marianne,Aguilar,marianneaguilar@marqet.com
Jerri,Mitchell,jerrimitchell@tasmania.com
Josefa,Buckley,josefabuckley@mazuda.com
May,Ortiz,mayortiz@syntac.com
Armstrong,Frazier,armstrongfrazier@zensor.com
Bernard,Martinez,bernardmartinez@dragbot.com
Duffy,Anthony,duffyanthony@schoolio.com
Franco,Welch,francowelch@earthplex.com
Noemi,Gill,noemigill@avit.com
Rivers,Macdonald,riversmacdonald@ziore.com
Sophie,Mays,sophiemays@uneeq.com
Stafford,Brock,staffordbrock@uncorp.com
Franks,Salinas,frankssalinas@cowtown.com
Hunt,Schwartz,huntschwartz@danja.com
Paulette,Hartman,paulettehartman@locazone.com
Alba,Forbes,albaforbes@isostream.com
Jaime,Wilson,jaimewilson@temorak.com
Kelley,Ochoa,kelleyochoa@bluplanet.com
Mallory,Emerson,malloryemerson@exoplode.com
Dominguez,Le,dominguezle@portica.com
Melanie,Rojas,melanierojas@kage.com
Vanessa,Harvey,vanessaharvey@zentime.com
Fuentes,Foley,fuentesfoley@knowlysis.com
Lucy,Castro,lucycastro@geekfarm.com
Andrea,Mosley,andreamosley@musix.com
Britney,Young,britneyyoung@geoforma.com
Decker,Mcclure,deckermcclure@everest.com
Esther,Bean,estherbean@applica.com
Knox,Larson,knoxlarson@bostonic.com
Burt,Moses,burtmoses@uni.com
Dollie,Koch,dolliekoch@skinserve.com
Hood,Powell,hoodpowell@vortexaco.com
Jacqueline,Maxwell,jacquelinemaxwell@fuelworks.com
Liz,Bentley,lizbentley@nipaz.com
Rodriquez,Flores,rodriquezflores@tourmania.com
Beck,Rosario,beckrosario@zoid.com
Blanca,Ellison,blancaellison@koogle.com
Etta,Miller,ettamiller@bluegrain.com
Kidd,Mclean,kiddmclean@ronbert.com
Luella,Burch,luellaburch@krag.com
Mullen,Tanner,mullentanner@pulze.com
Ortega,Dalton,ortegadalton@rameon.com
Rosa,Oliver,rosaoliver@idetica.com
Salas,Farley,salasfarley@xumonk.com
Wheeler,Ayers,wheelerayers@fortean.com
Betty,Hall,bettyhall@miraclis.com
Henderson,Price,hendersonprice@plutorque.com
Jane,Greer,janegreer@newcube.com
Jenna,Martin,jennamartin@zinca.com
Fannie,Slater,fannieslater@kineticut.com
Fox,Cardenas,foxcardenas@corpulse.com
Hendricks,Stokes,hendricksstokes@remotion.com
Mcdaniel,Harrell,mcdanielharrell@eyeris.com
Tonia,Schmidt,toniaschmidt@extro.com
Alberta,Bradford,albertabradford@bugsall.com
Brady,Glover,bradyglover@comvex.com
Hodges,Massey,hodgesmassey@kegular.com
Johnson,Chang,johnsonchang@gleamink.com
Kelley,Harper,kelleyharper@xyqag.com
Kent,Joyner,kentjoyner@kozgene.com
Reyna,Harris,reynaharris@bedlam.com
Sue,Lopez,suelopez@emergent.com
Anthony,Sutton,anthonysutton@xiix.com
Kathy,Carter,kathycarter@limage.com
Kristen,Santana,kristensantana@dogspa.com
Sweet,Sanders,sweetsanders@isosure.com
Claudia,Terry,claudiaterry@lumbrex.com
Janine,Huber,janinehuber@viocular.com
Ursula,Goodman,ursulagoodman@earthmark.com
Alvarez,Mack,alvarezmack@snorus.com
Copeland,Solomon,copelandsolomon@recognia.com
Daniel,Arnold,danielarnold@ecstasia.com
Dorothy,Barron,dorothybarron@xurban.com
Lynnette,Alvarez,lynnettealvarez@gink.com
Marsha,Elliott,marshaelliott@orbiflex.com
Graciela,Vaughan,gracielavaughan@fishland.com
Harper,Wynn,harperwynn@interfind.com
Leslie,Sloan,lesliesloan@dancity.com
Short,Dennis,shortdennis@minga.com
Valdez,Roberson,valdezroberson@delphide.com
Amber,Duke,amberduke@pyrami.com
Franklin,Frank,franklinfrank@shopabout.com
Leanne,Jones,leannejones@wazzu.com
Mayo,Cleveland,mayocleveland@indexia.com
Patrick,Osborne,patrickosborne@gynko.com
Stella,Hinton,stellahinton@flyboyz.com
Stephens,Cain,stephenscain@rocklogic.com
Alexandria,Sanford,alexandriasanford@kyagoro.com
Daphne,Byrd,daphnebyrd@freakin.com
Katina,Alford,katinaalford@intrawear.com
Salazar,Howard,salazarhoward@retrack.com
Taylor,Ingram,tayloringram@lyrichord.com
Allen,Hammond,allenhammond@tersanki.com
Brown,Wilkins,brownwilkins@medesign.com
Candy,Oconnor,candyoconnor@radiantix.com
Carissa,Simon,carissasimon@zillacom.com
Dyer,Henson,dyerhenson@nitracyr.com
Leanna,Reed,leannareed@rodeology.com
Neva,Burgess,nevaburgess@slofast.com
Therese,Espinoza,thereseespinoza@gonkle.com
Trisha,Blankenship,trishablankenship@chorizon.com
Wade,Page,wadepage@eplosion.com
Aurora,Fry,aurorafry@makingway.com
Daisy,Burnett,daisyburnett@liquicom.com
Elinor,Ratliff,elinorratliff@scentric.com
Gwen,Hardy,gwenhardy@exozent.com
Mcclure,Rodgers,mcclurerodgers@elita.com
Obrien,Walton,obrienwalton@suremax.com
Alvarado,Pate,alvaradopate@ovolo.com
Claudette,Beard,claudettebeard@repetwire.com
Dudley,Avery,dudleyavery@genmom.com
Parks,Hurst,parkshurst@pyramis.com
Roberta,Bender,robertabender@chillium.com
Sondra,Soto,sondrasoto@navir.com
Velazquez,Wolfe,velazquezwolfe@zisis.com
Edwards,Hurley,edwardshurley@austech.com
Hilary,Leonard,hilaryleonard@metroz.com
Parker,Hines,parkerhines@baluba.com
Pittman,Mathis,pittmanmathis@zuvy.com
Shelby,Sanchez,shelbysanchez@geekus.com
Ava,Richardson,avarichardson@cinaster.com
Haney,Barlow,haneybarlow@egypto.com
Head,Webster,headwebster@empirica.com
Medina,Brown,medinabrown@bleendot.com
Milagros,Travis,milagrostravis@sloganaut.com
Samantha,Ferrell,samanthaferrell@flum.com
Sandoval,Kramer,sandovalkramer@overfork.com
Foster,Weber,fosterweber@firewax.com
Hobbs,Wright,hobbswright@netbook.com
Love,Velasquez,lovevelasquez@zomboid.com
Natalie,Mcdowell,nataliemcdowell@myopium.com
Sherrie,Patel,sherriepatel@futurize.com
Amalia,Benjamin,amaliabenjamin@sentia.com
Calderon,Day,calderonday@cofine.com
Caldwell,Daniel,caldwelldaniel@furnigeer.com
Juliana,Chase,julianachase@comtract.com
Gibson,Potts,gibsonpotts@zensus.com
Mann,Madden,mannmadden@farmex.com
Rachael,Sharp,rachaelsharp@powernet.com
Tammi,Hodge,tammihodge@netur.com
Bruce,Avila,bruceavila@plasmosis.com
Dianna,Hernandez,diannahernandez@isologica.com
Ilene,Abbott,ileneabbott@typhonica.com
Tamra,Navarro,tamranavarro@norsul.com
Annabelle,Velazquez,annabellevelazquez@sealoud.com
Barr,Sharpe,barrsharpe@ziggles.com
Combs,Frederick,combsfrederick@pathways.com
Farrell,French,farrellfrench@techmania.com
Mueller,Mckee,muellermckee@luxuria.com
Connie,Berry,connieberry@flumbo.com
Herman,Snyder,hermansnyder@lunchpod.com
Huffman,Green,huffmangreen@comtest.com
Hutchinson,Newton,hutchinsonnewton@zaggles.com
Juarez,Gutierrez,juarezgutierrez@billmed.com
Kaye,Gibson,kayegibson@zork.com
Lacey,Blanchard,laceyblanchard@comdom.com
Mcgee,Mooney,mcgeemooney@reversus.com
Bean,Aguirre,beanaguirre@amril.com
Brandie,Hayden,brandiehayden@digifad.com
Maggie,Pace,maggiepace@bulljuice.com
Sheppard,Everett,sheppardeverett@roboid.com
Berger,Roach,bergerroach@ovium.com
Dillard,Mcpherson,dillardmcpherson@quailcom.com
Horton,Romero,hortonromero@affluex.com
Lolita,Fleming,lolitafleming@vidto.com
Magdalena,Simmons,magdalenasimmons@geekosis.com
Mckinney,Gallagher,mckinneygallagher@premiant.com
Mona,Craft,monacraft@opticom.com
Wyatt,Wise,wyattwise@rockyard.com
Kelli,Francis,kellifrancis@exoswitch.com
Kristie,Kennedy,kristiekennedy@ludak.com
Stevenson,Crosby,stevensoncrosby@accel.com
Alexander,Sargent,alexandersargent@fangold.com
Patricia,Barton,patriciabarton@providco.com
Rowena,Wilkinson,rowenawilkinson@asimiline.com
Teresa,Owen,teresaowen@plasmos.com
Celia,Bernard,celiabernard@mitroc.com
Dotson,Dean,dotsondean@petigems.com
Hampton,Ryan,hamptonryan@zipak.com
Kirby,Watkins,kirbywatkins@sonique.com
Madelyn,Norris,madelynnorris@endicil.com
Peggy,Bright,peggybright@inventure.com
Ruth,Vance,ruthvance@zilidium.com
Alexandra,Nguyen,alexandranguyen@bittor.com
Diann,Mclaughlin,diannmclaughlin@enomen.com
Luann,Faulkner,luannfaulkner@zolar.com
Solis,Kline,soliskline@vetron.com
Cristina,Russo,cristinarusso@cyclonica.com
Ruiz,Morris,ruizmorris@apex.com
Thompson,Hoover,thompsonhoover@portalis.com
Dennis,Gilbert,dennisgilbert@melbacor.com
Manning,Guthrie,manningguthrie@xerex.com
Mccullough,Moore,mcculloughmoore@nikuda.com
Montoya,Donaldson,montoyadonaldson@envire.com
Pope,Keith,popekeith@zboo.com
Rosales,Marquez,rosalesmarquez@ronelon.com
Solomon,Bush,solomonbush@snacktion.com
Viola,Crawford,violacrawford@ginkle.com
Cameron,Ross,cameronross@telpod.com
Doreen,Randall,doreenrandall@calcula.com
Harris,Gross,harrisgross@kidstock.com
Billie,Nixon,billienixon@xanide.com
Rene,Vang,renevang@isopop.com
Rush,Boyle,rushboyle@sportan.com
Shanna,Chambers,shannachambers@corporana.com
Aimee,Cohen,aimeecohen@eplode.com
Benton,Knight,bentonknight@pholio.com
Carmela,Franks,carmelafranks@zensure.com
Griffin,Sheppard,griffinsheppard@zanymax.com
Holman,Jordan,holmanjordan@maineland.com
Mavis,Deleon,mavisdeleon@lotron.com
Oconnor,Clay,oconnorclay@franscene.com
Powell,Herring,powellherring@digiprint.com
Freeman,Zamora,freemanzamora@elemantra.com
Mercer,Pratt,mercerpratt@twiggery.com
Stark,Lewis,starklewis@frosnex.com
Elvira,Patterson,elvirapatterson@assistix.com
Mack,Bullock,mackbullock@terascape.com
Patti,Brennan,pattibrennan@cognicode.com
